{
  "original_model": {
    "model_name": "Original Model (twitter-roberta-base-sentiment-latest)",
    "accuracy": 0.5695429701128039,
    "f1_macro": 0.5584633057848037,
    "f1_weighted": 0.5765455122018475,
    "f1_per_class": {
      "unsatisfied": 0.6580941776516648,
      "neutral": 0.510768324559143,
      "satisfied": 0.5065274151436031
    },
    "confusion_matrix": [
      [
        9161,
        5766,
        670
      ],
      [
        2236,
        6937,
        1286
      ],
      [
        847,
        4001,
        3492
      ]
    ],
    "num_samples": 34396
  },
  "finetuned_model": {
    "model_name": "Fine-tuned Model (LoRA)",
    "accuracy": 0.6329805791371089,
    "f1_macro": 0.607546546102026,
    "f1_weighted": 0.6287406756701985,
    "f1_per_class": {
      "unsatisfied": 0.7443613593531522,
      "neutral": 0.4830199679347034,
      "satisfied": 0.5952583110182222
    },
    "confusion_matrix": [
      [
        12244,
        2651,
        702
      ],
      [
        3776,
        4971,
        1712
      ],
      [
        1281,
        2502,
        4557
      ]
    ],
    "num_samples": 34396
  },
  "comparison": {
    "accuracy_improvement": 0.06343760902430506,
    "f1_macro_improvement": 0.04908324031722222,
    "f1_weighted_improvement": 0.05219516346835107
  }
}