{
  "timestamp": "2026-02-25T12:07:20.591085",
  "models": {
    "RoBERTa Text EN": {
      "accuracy": 0.6315299863368121,
      "f1_macro": 0.6141515448664951,
      "f1_weighted": 0.6337502258623892,
      "precision_macro": 0.6260419886878007,
      "recall_macro": 0.6085200255776453,
      "num_samples": 34399,
      "f1_per_class": {
        "unsatisfied": 0.7361133472870713,
        "neutral": 0.5145180536527157,
        "satisfied": 0.5918232336596984
      }
    }
  },
  "rankings": {
    "accuracy": [
      [
        "RoBERTa Text EN",
        {
          "accuracy": 0.6315299863368121,
          "f1_macro": 0.6141515448664951,
          "f1_weighted": 0.6337502258623892,
          "precision_macro": 0.6260419886878007,
          "recall_macro": 0.6085200255776453,
          "num_samples": 34399,
          "f1_per_class": {
            "unsatisfied": 0.7361133472870713,
            "neutral": 0.5145180536527157,
            "satisfied": 0.5918232336596984
          }
        }
      ]
    ],
    "f1_macro": [
      [
        "RoBERTa Text EN",
        {
          "accuracy": 0.6315299863368121,
          "f1_macro": 0.6141515448664951,
          "f1_weighted": 0.6337502258623892,
          "precision_macro": 0.6260419886878007,
          "recall_macro": 0.6085200255776453,
          "num_samples": 34399,
          "f1_per_class": {
            "unsatisfied": 0.7361133472870713,
            "neutral": 0.5145180536527157,
            "satisfied": 0.5918232336596984
          }
        }
      ]
    ],
    "f1_weighted": [
      [
        "RoBERTa Text EN",
        {
          "accuracy": 0.6315299863368121,
          "f1_macro": 0.6141515448664951,
          "f1_weighted": 0.6337502258623892,
          "precision_macro": 0.6260419886878007,
          "recall_macro": 0.6085200255776453,
          "num_samples": 34399,
          "f1_per_class": {
            "unsatisfied": 0.7361133472870713,
            "neutral": 0.5145180536527157,
            "satisfied": 0.5918232336596984
          }
        }
      ]
    ]
  }
}